strategy_id,stage,strategy_preset,bull_weight,consolidation_weight,bear_weight,min_regime_bars,rebalance_threshold,max_weight_step,transition_cooldown_bars,final_equity_regime,final_equity_buy_hold,excess_final_equity,cagr_regime,cagr_buy_hold,excess_cagr,total_return_regime,total_return_buy_hold,max_drawdown_regime,max_drawdown_buy_hold,sharpe_regime,sharpe_buy_hold,trade_count,annual_trade_count,transition_triggered_trade_count,total_turnover,turnover_to_initial_cash,total_fees_paid,avg_spot_weight,years,beats_buy_hold,drawdown_not_worse,risk_overlay,cost_scenario,fee_rate,slippage_bps
custom_weights_b0.75_c0.25_r0.35_m24_th0.20_step0.25_cool0,cost_base,custom_weights,0.75,0.25,0.35,24,0.2,0.25,0,122086.54639858118,139570.3407309309,-17483.79433234973,0.1324348680546248,0.23094367932758786,-0.09850881127296307,0.22086546398581186,0.3957034073093091,-0.1840416713120825,-0.4983697178895503,0.8367977085825843,0.6825351328922413,31,19.319863403528743,0,959656.0837520049,9.596560837520048,479.82804187600266,0.3065890990432735,1.6045662100456621,False,True,True,base,0.0005,10.0
custom_weights_b0.75_c0.25_r0.35_m24_th0.20_step0.25_cool0,cost_high,custom_weights,0.75,0.25,0.35,24,0.2,0.25,0,120245.99299349237,139570.3407309309,-19324.34773743854,0.12176457142679387,0.23094367932758786,-0.10917910790079399,0.20245992993492368,0.3957034073093091,-0.18507450203328735,-0.4983697178895503,0.7795937096275521,0.6825351328922413,31,19.319863403528743,0,952457.400360324,9.52457400360324,952.4574003603238,0.3063565536921782,1.6045662100456621,False,True,True,high,0.001,25.0
custom_weights_b0.75_c0.25_r0.35_m24_th0.20_step0.25_cool0,cost_very_high,custom_weights,0.75,0.25,0.35,24,0.2,0.25,0,117531.71081377234,139570.3407309309,-22038.62991715857,0.10591597979706924,0.23094367932758786,-0.12502769953051862,0.1753171081377234,0.3957034073093091,-0.18732205079467712,-0.4983697178895503,0.6934836492959969,0.6825351328922413,31,19.319863403528743,0,941754.7981475997,9.417547981475996,1412.6321972213996,0.3059199250691263,1.6045662100456621,False,True,True,very_high,0.0015,50.0
